"","spotify_id","name","artists","daily_rank","daily_movement","weekly_movement","country","snapshot_date","popularity","is_explicit","duration_ms","album_name","album_release_date","danceability","energy","key","loudness","mode","speechiness","acousticness","instrumentalness","liveness","valence","tempo","time_signature"
"1","6nvbXA95vgyThzj2Tbhank","Tipo Hollywood","Mc Ws da leste, MC Cothiê, Dj Chadin do C",14,2,4,"Brazil",2024-02-07,82,"False",109384,"Tipo Holywood",2023-09-19,0.638,0.566,6,-1.788,1,0.192,0.409,7.27e-06,0.0852,0.707,86.885,5
"2","1uYHfa5rjM1oUpKgst7U8F","Deixa Eu Mandar Meu Passinho","Dj Aguilar, Dj Tchouzen, MC Marlon PH",35,1,-6,"Brazil",2025-05-30,81,"True",112907,"Direto do Alto Vol 1",2025-02-14,0.883,0.779,5,-2.248,1,0.306,0.431,0.101,0.218,0.565,130.103,4
"3","7tI8dRuH2Yc6RuoTjxo4dU","Who","Jimin",39,8,5,"Brazil",2024-10-11,93,"False",170887,"MUSE",2024-07-19,0.66,0.756,0,-3.743,0,0.032,0.00289,0,0.193,0.838,116.034,4
"4","4FbYt9D0katV4nXZaC01Yt","Medley de Igaratá 3","Mc Negão Original, DJ Guh Mix, DJ Japa NK",22,1,19,"Brazil",2024-11-21,68,"True",265750,"Medley de Igaratá 3",2024-11-07,0.839,0.662,5,-5.738,0,0.307,0.312,0,0.398,0.834,130.12,4
"5","4y93vvzu2h8MITw7YyUTcI","Última Saudade - Ao Vivo","Henrique & Juliano",16,2,-4,"Brazil",2025-01-26,71,"False",150449,"Manifesto Musical 2 (Ao Vivo / Vol.1)",2024-12-13,0.443,0.7,6,-5.196,1,0.0422,0.605,0,0.634,0.572,153.383,4
"6","5u7Xi0QhfkYy3qETJJ5lae","Samba de Malandro","MC Paulin da Capital, Love Funk, Mc Piedro, Dj GM, DJ WN, MC Ryan SP, Mc Daniel",22,6,3,"Brazil",2024-04-30,79,"True",300842,"Samba de Malandro",2024-03-14,0.633,0.463,5,-4.479,0,0.353,0.124,0,0.247,0.827,92.615,4
"7","1lflD04lIdgV10sCMwFYOu","Sorriso no Rosto","Mc Leozin, MC Rick, Boladin 211, Deliverymusic, Dj L Martins",14,4,36,"Brazil",2024-10-06,74,"True",155132,"Menino Maluquinho",2024-05-24,0.924,0.42,5,-7.145,0,0.205,0.625,0.000308,0.0701,0.744,129.99,4
"8","4ejt95r0qu50e8X4QEIqwP","Chorei Quando Me Disse Tchau","Dom Silver, Bruhh Sua Bonequinha",13,5,16,"Brazil",2024-05-07,78,"False",156595,"Chorei Quando Me Disse Tchau",2024-04-10,0.695,0.776,11,-4.03,1,0.0294,0.0502,0,0.107,0.513,131.926,4
"9","6W196uVRkmQFHbc1XV8DNk","Sonho Dela (Cowboy)","CountryBeat, Félix, Léo Souzza",7,3,1,"Brazil",2024-06-27,79,"False",113233,"Sonho Dela (Cowboy)",2024-05-03,0.784,0.653,11,-2.261,0,0.0423,0.587,8.44e-05,0.268,0.611,133.08,4
"10","6zdL0aLZs6g61SPGrlMvrM","DANÇA PRA ME PROVOCAR","DJ JOÃO PEREIRA, MC Koringa",47,3,-2,"Brazil",2024-04-13,78,"False",157216,"DANÇA PRA ME PROVOCAR",2023-09-14,0.615,0.582,6,-0.93,1,0.364,0.269,6.55e-05,0.0791,0.892,84.917,5
"11","2ORC76autQ7QTfBCkZl4Wo","Dedo do Meio - Ao Vivo","Murilo Huff",25,-2,-4,"Brazil",2024-05-22,80,"False",167391,"Fortaleza, Vol.2 (Ao Vivo)",2024-03-28,0.664,0.748,0,-4.386,1,0.0341,0.385,0,0.36,0.521,118.015,3
"12","7G2yGMHlcPPTCDhMrAaMyZ","Tô Voltando - (Boiadeira Internacional)","Ana Castela",30,-3,-2,"Brazil",2024-02-17,85,"False",177327,"Tô Voltando (Boiadeira Internacional)",2023-08-25,0.606,0.741,5,-3.973,1,0.0285,0.179,0,0.722,0.239,114.019,4
"13","3iDZj9V0RSElRwVgtmMYgJ","Lei Anti O.R.U.A.M","Oruam, Victor WAO, Maurin",7,3,0,"Brazil",2025-04-10,80,"False",158608,"Liberdade",2025-02-21,0.665,0.477,11,-7.596,0,0.529,0.653,0,0.0817,0.304,115.369,4
"14","3jTyFoGeD3DTu9cnnctMWN","DENTRO DA HILUX","Luan Pereira, Mc Daniel, MC Ryan SP",19,-2,-1,"Brazil",2024-01-28,79,"False",163013,"DENTRO DA HILUX",2023-08-24,0.728,0.527,6,-6.347,0,0.091,0.0906,0,0.0861,0.333,129.978,4
"15","6hNREzgHbVM5AkGwP4SPmU","FALTA DE QUÊ?","Luan Pereira, Murilo Huff",11,1,-2,"Brazil",2024-06-30,81,"False",152245,"FALTA DE QUÊ?",2024-05-16,0.533,0.825,11,-4.507,1,0.185,0.266,0,0.145,0.63,99.254,4
"16","65vJAh07BdwurqR9SRa6f8","Apaguei Pra Todos - Ao Vivo","Ferrugem, Sorriso Maroto",38,-13,7,"Brazil",2024-10-16,76,"False",198678,"Ferrugem 10 Anos, Vol. 1: O Início (Ao Vivo)",2024-04-18,0.624,0.734,4,-6.498,0,0.0475,0.516,0,0.828,0.499,139.905,4
"17","5jrQZnYInM6YUjr2yFSa3E","Vem Desestressar","MC PH, Vulgo FK, Veigh, Pedro Lotto, prodbyeros",24,0,6,"Brazil",2024-05-17,73,"True",243870,"O Cara Do Momento, Vol. 2",2024-04-10,0.767,0.54,1,-7.96,1,0.0565,0.336,0,0.108,0.544,123.986,4
"18","7g7I8fjEERZH8DH3e6MUw7","Canudinho - Ao Vivo","Gusttavo Lima, Ana Castela",6,0,44,"Brazil",2023-12-26,49,"False",124511,"Paraíso Particular Vol. 01 (Ao Vivo)",2023-12-21,0.706,0.866,4,-3.337,1,0.075,0.242,0,0.381,0.91,166.985,4
"19","4ssTFuVeNJG8py5dr2P2pV","Não Recomendo - Ao Vivo","Matheus & Kauan",31,-6,19,"Brazil",2024-01-07,82,"False",141216,"Não Recomendo (Ao Vivo)",2023-11-28,0.5,0.857,2,-3.582,1,0.0974,0.266,0,0.732,0.816,158.074,1
"20","6SfcAUMXsi6eW6vZki5tC5","Novinha do TKT","Felipe Amorim, MC Bruna Alves",40,3,3,"Brazil",2024-11-12,70,"True",172727,"Ao After e Além, Pt.2 (Deluxe)",2024-08-30,0.823,0.865,7,-3.066,0,0.0366,0.496,0.00399,0.111,0.962,131.971,4
"21","2cGRf9skACWnKRK1eLYBJn","Sujeito Homem - Ao Vivo","Guilherme & Benuto",29,2,-17,"Brazil",2025-04-08,79,"False",178983,"Sujeito Homem (Ao Vivo)",2024-10-17,0.513,0.871,2,-4.304,1,0.107,0.427,0,0.712,0.73,145.752,4
"22","2wXqRqVGiGB2fyy9eoPJbP","Eu sou Cantor Não Sou Bandido","Mc Lele JP, MC Marks, MC Leozinho ZS, MC Joãozinho VT",50,0,0,"Brazil",2025-01-01,76,"False",266666,"Eu sou Cantor Não Sou Bandido",2024-07-10,0.694,0.488,11,-8.343,1,0.45,0.323,7.94e-06,0.107,0.673,126.032,4
"23","4seW5sDVICaZw34NzrHPm0","Tando","Nuzio Medeiros, Henry Freitas, Kadu Martins",6,5,0,"Brazil",2025-01-14,82,"False",212000,"Tando",2024-11-28,0.864,0.698,11,-2.28,1,0.0321,0.486,0,0.0532,0.877,110.016,4
"24","7BLjPZwgbxQSLZ4rWbboJY","Vida de Artista","MC Joãozinho VT, MC Tuto, Deejhay RB",18,4,-9,"Brazil",2024-11-13,77,"True",196000,"Vida de Artista",2024-06-26,0.913,0.724,10,-4.866,0,0.193,0.502,0,0.0794,0.831,119.922,4
"25","6mTpK40yIRk1xGGNvRMHGg","Me Caiu Tão Bem - Ao Vivo","Murilo Huff, Gustavo Mioto",13,6,0,"Brazil",2024-09-15,82,"False",156146,"Fortaleza, Vol.3 (Ao Vivo)",2024-06-06,0.569,0.724,1,-4.049,1,0.041,0.518,0,0.448,0.373,133.557,4
"26","3jTyFoGeD3DTu9cnnctMWN","DENTRO DA HILUX","Luan Pereira, Mc Daniel, MC Ryan SP",21,0,29,"Brazil",2024-01-16,68,"False",163013,"DENTRO DA HILUX",2023-08-24,0.728,0.527,6,-6.347,0,0.091,0.0906,0,0.0861,0.333,129.978,4
"27","1S9fKs0sAdZPlL8ViOARnS","João 20 + pra Sempre - Ao Vivo","Vitor Santana",39,11,11,"Brazil",2025-05-13,76,"False",289313,"João 20 + pra Sempre - Ao Vivo",2024-12-01,0.387,0.709,2,-5.91,1,0.0404,0.274,0,0.0694,0.384,131.197,4
"28","2cGRf9skACWnKRK1eLYBJn","Sujeito Homem - Ao Vivo","Guilherme & Benuto",13,9,16,"Brazil",2025-02-10,80,"False",178983,"Sujeito Homem (Ao Vivo)",2024-10-17,0.513,0.871,2,-4.304,1,0.107,0.427,0,0.712,0.73,145.752,4
"29","3OirlIOGwFgwcQgVru6IUG","Sai Da Frente","Juliette",40,6,-1,"Brazil",2024-01-20,66,"False",167445,"Ciclone",2023-08-25,0.863,0.815,5,-3.221,0,0.159,0.126,3.43e-06,0.12,0.87,134.957,4
"30","7opE9OJaqrvkQspmfJdVsS","Filho da Mãe - Ao Vivo","Guilherme & Benuto",45,5,5,"Brazil",2025-05-18,78,"False",137349,"Filho da Mãe (Ao Vivo)",2025-04-03,0.714,0.73,1,-4.391,1,0.0377,0.613,0,0.867,0.778,109.127,4
